,sum_sq,df,F,PR(>F)
C(task_category),31.962433376060844,9.0,362.48316612835356,0.0
Residual,48.88887339393732,4990.0,,
