cluster,performance_index,autonomous_capability_score,accuracy_score,success_rate,privacy_compliance_score,bias_detection_score
0,0.437826390625,108.71419296874998,0.47046171875000004,0.36663917968750004,0.8419098828125,0.7741441015625
1,0.6573438606557377,95.66441721311476,0.681349631147541,0.6208281557377049,0.8419664754098362,0.7746629508196721
